31,31,chat_imgs\avatares\31.jpg,
32,32,chat_imgs\avatares\32.jpg,
33,33,chat_imgs\avatares\33.jpg,
34,34,chat_imgs\avatares\34.jpg,
35,35,chat_imgs\avatares\35.jpg,
36,36,chat_imgs\avatares\36.jpg,
37,37,chat_imgs\avatares\37.jpg,
38,38,chat_imgs\avatares\38.jpg,
39,39,chat_imgs\avatares\39.jpg,
40,40,chat_imgs\avatares\40.jpg,
41,41,chat_imgs\avatares\41.jpg,
42,42,chat_imgs\avatares\42.jpg,
43,43,chat_imgs\avatares\43.jpg,
44,44,chat_imgs\avatares\44.jpg,
45,45,chat_imgs\avatares\45.jpg,
46,46,chat_imgs\avatares\46.jpg,
47,47,chat_imgs\avatares\47.jpg,
48,48,chat_imgs\avatares\48.jpg,
49,49,chat_imgs\avatares\49.jpg,
50,50,chat_imgs\avatares\50.jpg,
